 	LSOA.Code	LSOA.Name	LA.Code	LA.Name	Region	Estimated.number.of.households	Estimated.number.of.Fuel.Poor.Households	Proportion.of.households.fuel.poor....	
9	E01000010	Barking and Dagenham 015C	E09000002	Barking and Dagenham	London	56	140	13.3	0.1269265639
576	E01000586	Brent 032E	E09000005	Brent	London	57	129	12.2	1057.3770491803
728	E01000742	Bromley 005C	E09000006	Bromley	London	3	111	11.1	1000
838	E01000855	Camden 028A	E09000007	Camden	London	69	130	12.2	1065.5737704918
913	E01000930	Camden 020B	E09000007	Camden	London	35	94	9.1	1032.967032967
1079	E01001097	Croydon 037E	E09000008	Croydon	London	12	61	6	1016.6666666667
1099	E01001117	Croydon 015C	E09000008	Croydon	London	71	132	12.3	1073.1707317073
1155	E01001173	Croydon 028E	E09000008	Croydon	London	42	72	6.9	1043.4782608696
1204	E01001222	Ealing 019A	E09000009	Ealing	London	102	132	12	1100
1226	E01001244	Ealing 024E	E09000009	Ealing	London	58	94	8.9	1056.1797752809
1409	E01001429	Enfield 030D	E09000010	Enfield	London	92	123	11.3	1088.4955752212
1497	E01001519	Enfield 020D	E09000010	Enfield	London	87	98	9	1088.8888888889
1635	E01001668	Greenwich 036C	E09000011	Greenwich	London	1	97	9.7	1000
1709	E01001748	Hackney 020A	E09000012	Hackney	London	37	103	9.9	1040.404040404
1713	E01001752	Hackney 025A	E09000012	Hackney	London	19	52	5.1	1019.6078431373
1715	E01001754	Hackney 025C	E09000012	Hackney	London	81	119	11	1081.8181818182
1740	E01001782	Hackney 026C	E09000012	Hackney	London	6	50	5	1000
1813	E01001859	Hammersmith and Fulham 008A	E09000013	Hammersmith and Fulham	London	86	102	9.4	1085.1063829787
2163	E01002213	Harrow 027D	E09000015	Harrow	London	74	142	13.2	1075.7575757576
2498	E01002554	Hillingdon 022F	E09000017	Hillingdon	London	26	56	5.5	1018.1818181818
2626	E01002684	Hounslow 006D	E09000018	Hounslow	London	48	90	8.6	1046.511627907
2638	E01002698	Islington 017A	E09000019	Islington	London	14	73	7.2	1013.8888888889
2655	E01002716	Islington 014A	E09000019	Islington	London	37	69	6.7	1029.8507462687
2754	E01002818	Kensington and Chelsea 012A	E09000020	Kensington and Chelsea	London	121	141	12.6	1119.0476190476
2824	E01002888	Kensington and Chelsea 013E	E09000020	Kensington and Chelsea	London	107	121	10.9	1110.0917431193
2845	E01002909	Kensington and Chelsea 003E	E09000020	Kensington and Chelsea	London	115	144	12.9	1116.2790697675
2900	E01002965	Kingston upon Thames 009A	E09000021	Kingston upon Thames	London	30	96	9.3	1032.2580645161
2903	E01002968	Kingston upon Thames 009C	E09000021	Kingston upon Thames	London	81	85	7.9	1075.9493670886
2957	E01003023	Lambeth 021C	E09000022	Lambeth	London	28	95	9.3	1021.5053763441
3008	E01003074	Lambeth 018E	E09000022	Lambeth	London	60	113	10.7	1056.0747663551
3024	E01003090	Lambeth 012D	E09000022	Lambeth	London	2	86	8.6	1000
3042	E01003109	Lambeth 003E	E09000022	Lambeth	London	46	114	10.9	1045.871559633
3102	E01003169	Lambeth 025D	E09000022	Lambeth	London	36	96	9.3	1032.2580645161
3212	E01003282	Lewisham 013A	E09000023	Lewisham	London	11	100	9.9	1010.101010101
3533	E01003609	Newham 037A	E09000025	Newham	London	11	64	6.3	1015.873015873
3537	E01003617	Newham 012B	E09000025	Newham	London	50	75	7.1	1056.338028169
3539	E01003619	Newham 012D	E09000025	Newham	London	39	136	13.1	1038.1679389313
3843	E01003929	Southwark 002B	E09000028	Southwark	London	33	71	6.9	1028.9855072464
3910	E01004004	Southwark 023C	E09000028	Southwark	London	28	109	10.6	1028.3018867925
4121	E01004222	Tower Hamlets 001A	E09000030	Tower Hamlets	London	1	75	7.5	1000
4136	E01004238	Tower Hamlets 008D	E09000030	Tower Hamlets	London	11	114	11.3	1008.8495575221
4150	E01004252	Tower Hamlets 024A	E09000030	Tower Hamlets	London	47	61	5.8	1051.724137931
4185	E01004291	Tower Hamlets 027A	E09000030	Tower Hamlets	London	10	51	5.1	1000
4438	E01004548	Wandsworth 029D	E09000032	Wandsworth	London	7	57	5.7	1000
4535	E01004648	Westminster 002B	E09000033	Westminster	London	86	102	9.4	1085.1063829787
4538	E01004651	Westminster 003A	E09000033	Westminster	London	89	108	9.9	1090.9090909091
4542	E01004656	Westminster 014D	E09000033	Westminster	London	123	129	11.5	1121.7391304348
4557	E01004675	Westminster 005B	E09000033	Westminster	London	57	119	11.3	1053.0973451328
4563	E01004681	Westminster 016A	E09000033	Westminster	London	101	124	11.3	1097.3451327434
4625	E01004745	Westminster 021C	E09000033	Westminster	London	71	101	9.4	1074.4680851064
4639	E01004761	Westminster 018D	E09000033	Westminster	London	37	114	11	1036.3636363636
4640	E01004762	Westminster 011E	E09000033	Westminster	London	88	146	13.4	1089.552238806
4641	E01004763	Westminster 013B	E09000033	Westminster	London	35	162	15.7	1031.847133758
4642	E01004765	Westminster 013D	E09000033	Westminster	London	62	129	12.2	1057.3770491803
4911	E01005036	Bury 024C	E08000002	Bury	North West	21	120	11.8	1016.9491525424
4979	E01005108	Manchester 017A	E08000003	Manchester	North West	42	212	20.4	1039.2156862745
5070	E01005208	Manchester 019A	E08000003	Manchester	North West	98	107	9.7	1103.0927835052
5074	E01005213	Manchester 059A	E08000003	Manchester	North West	159	181	15.5	1167.7419354839
5075	E01005214	Manchester 019D	E08000003	Manchester	North West	1	87	8.7	1000
5102	E01005241	Manchester 025A	E08000003	Manchester	North West	2	295	29.5	1000
5104	E01005243	Manchester 024B	E08000003	Manchester	North West	75	172	16	1075
5316	E01005466	Rochdale 016C	E08000005	Rochdale	North West	62	186	17.5	1062.8571428572
5332	E01005482	Rochdale 010C	E08000005	Rochdale	North West	158	280	24.1	1161.8257261411
5457	E01005612	Salford 016C	E08000006	Salford	North West	23	157	15.4	1019.4805194805
5465	E01005620	Salford 030E	E08000006	Salford	North West	50	139	13.3	1045.1127819549
5476	E01005631	Salford 020A	E08000006	Salford	North West	13	156	15.4	1012.987012987
5524	E01005682	Salford 024D	E08000006	Salford	North West	23	185	18.1	1022.0994475138
5560	E01005720	Salford 021D	E08000006	Salford	North West	109	203	18.3	1109.2896174863
5598	E01005758	Stockport 014B	E08000007	Stockport	North West	138	205	18	1138.8888888889
5792	E01005952	Tameside 013D	E08000008	Tameside	North West	165	197	16.8	1172.6190476191
6025	E01006185	Trafford 001E	E08000009	Trafford	North West	8	200	19.9	1005.0251256281
6027	E01006187	Trafford 003C	E08000009	Trafford	North West	141	209	18.3	1142.0765027322
6085	E01006245	Wigan 023D	E08000010	Wigan	North West	72	126	11.8	1067.7966101695
6328	E01006490	Knowsley 002E	E08000011	Knowsley	North West	22	62	6.1	1016.393442623
6351	E01006514	Liverpool 037A	E08000012	Liverpool	North West	104	371	33.6	1104.1666666667
6355	E01006520	Liverpool 043A	E08000012	Liverpool	North West	166	195	16.6	1174.6987951807
6357	E01006522	Liverpool 048A	E08000012	Liverpool	North West	84	183	16.9	1082.8402366864
6390	E01006556	Liverpool 039B	E08000012	Liverpool	North West	7	366	36.4	1005.4945054945
6472	E01006646	Liverpool 023C	E08000012	Liverpool	North West	1	109	10.9	1000
6474	E01006648	Liverpool 023D	E08000012	Liverpool	North West	67	96	9	1066.6666666667
6499	E01006675	Liverpool 043C	E08000012	Liverpool	North West	118	310	27.7	1119.1335740072
6502	E01006678	Liverpool 044E	E08000012	Liverpool	North West	52	175	16.7	1047.9041916168
6519	E01006695	Liverpool 028C	E08000012	Liverpool	North West	19	289	28.4	1017.6056338028
6595	E01006778	Liverpool 014E	E08000012	Liverpool	North West	114	197	17.7	1112.9943502825
6615	E01006799	Liverpool 051E	E08000012	Liverpool	North West	134	157	13.8	1137.6811594203
6716	E01006900	St. Helens 022B	E08000013	St. Helens	North West	54	95	9	1055.5555555556
6783	E01006968	Sefton 004C	E08000014	Sefton	North West	43	180	17.3	1040.4624277457
6936	E01007126	Wirral 016A	E08000015	Wirral	North West	153	201	17.4	1155.1724137931
7248	E01007443	Barnsley 013F	E08000016	Barnsley	Yorkshire and The Humber	27	209	20.4	1024.5098039216
7330	E01007527	Doncaster 027B	E08000017	Doncaster	Yorkshire and The Humber	43	111	10.7	1037.3831775701
7335	E01007532	Doncaster 023B	E08000017	Doncaster	Yorkshire and The Humber	39	259	25	1036
7412	E01007609	Doncaster 038B	E08000017	Doncaster	Yorkshire and The Humber	45	158	15.1	1046.357615894
7517	E01007714	Rotherham 017B	E08000018	Rotherham	Yorkshire and The Humber	15	240	23.7	1012.6582278481
7684	E01007889	Sheffield 004B	E08000019	Sheffield	Yorkshire and The Humber	73	126	11.7	1076.9230769231
7765	E01007970	Sheffield 049D	E08000019	Sheffield	Yorkshire and The Humber	8	124	12.3	1008.1300813008
7955	E01008168	Gateshead 027D	E08000020	Gateshead	North East	73	182	17	1070.5882352941
8021	E01008234	Gateshead 020C	E08000020	Gateshead	North East	18	140	13.8	1014.4927536232
8045	E01008258	Gateshead 007C	E08000020	Gateshead	North East	130	149	13.2	1128.7878787879
8046	E01008259	Gateshead 007D	E08000020	Gateshead	North East	25	219	21.4	1023.3644859813
8090	E01008303	Newcastle upon Tyne 018A	E08000021	Newcastle upon Tyne	North East	45	225	21.6	1041.6666666667
8091	E01008304	Newcastle upon Tyne 026C	E08000021	Newcastle upon Tyne	North East	60	298	28.1	1060.4982206406
8207	E01008425	Newcastle upon Tyne 030B	E08000021	Newcastle upon Tyne	North East	14	232	22.9	1013.1004366812
8303	E01008524	North Tyneside 022B	E08000022	North Tyneside	North East	103	183	16.6	1102.4096385542
8375	E01008597	South Tyneside 001C	E08000023	South Tyneside	North East	25	224	21.9	1022.8310502283
8479	E01008703	Sunderland 013B	E08000024	Sunderland	North East	72	240	22.4	1071.4285714286
8510	E01008735	Sunderland 016B	E08000024	Sunderland	North East	15	243	24	1012.5
8599	E01008831	Sunderland 013D	E08000024	Sunderland	North East	109	359	32.4	1108.024691358
8734	E01008974	Birmingham 118C	E08000025	Birmingham	West Midlands	122	164	14.6	1123.2876712329
8939	E01009203	Birmingham 043C	E08000025	Birmingham	West Midlands	125	232	20.6	1126.213592233
9105	E01009378	Birmingham 135A	E08000025	Birmingham	West Midlands	35	122	11.8	1033.8983050848
9264	E01009548	Coventry 031A	E08000026	Coventry	West Midlands	14	191	18.9	1010.582010582
9339	E01009629	Coventry 020A	E08000026	Coventry	West Midlands	56	218	20.7	1053.1400966184
9446	E01009741	Dudley 022A	E08000027	Dudley	West Midlands	152	229	19.8	1156.5656565657
9584	E01009881	Dudley 011C	E08000027	Dudley	West Midlands	109	162	14.6	1109.5890410959
9939	E01010241	Walsall 015A	E08000030	Walsall	West Midlands	16	159	15.7	1012.7388535032
10062	E01010368	Walsall 030A	E08000030	Walsall	West Midlands	4	216	21.5	1004.6511627907
10100	E01010406	Walsall 027C	E08000030	Walsall	West Midlands	69	203	19	1068.4210526316
10167	E01010473	Wolverhampton 015C	E08000031	Wolverhampton	West Midlands	169	326	27.7	1176.8953068592
10215	E01010521	Wolverhampton 020F	E08000031	Wolverhampton	West Midlands	46	286	27.4	1043.795620438
10274	E01010580	Bradford 010B	E08000032	Bradford	Yorkshire and The Humber	23	123	12	1025
10279	E01010585	Bradford 015E	E08000032	Bradford	Yorkshire and The Humber	7	171	17	1005.8823529412
10401	E01010709	Bradford 006D	E08000032	Bradford	Yorkshire and The Humber	78	178	16.5	1078.7878787879
10456	E01010765	Bradford 010D	E08000032	Bradford	Yorkshire and The Humber	88	149	13.7	1087.5912408759
10680	E01010994	Calderdale 008E	E08000033	Calderdale	Yorkshire and The Humber	64	261	24.5	1065.306122449
10906	E01011222	Kirklees 050D	E08000034	Kirklees	Yorkshire and The Humber	25	252	24.6	1024.3902439024
11040	E01011361	Leeds 042E	E08000035	Leeds	Yorkshire and The Humber	114	264	23.7	1113.9240506329
11166	E01011499	Leeds 105C	E08000035	Leeds	Yorkshire and The Humber	77	144	13.4	1074.6268656717
11205	E01011541	Leeds 104B	E08000035	Leeds	Yorkshire and The Humber	32	159	15.4	1032.4675324675
11352	E01011704	Leeds 002C	E08000035	Leeds	Yorkshire and The Humber	9	141	14	1007.1428571429
11382	E01011734	Leeds 083A	E08000035	Leeds	Yorkshire and The Humber	38	131	12.6	1039.6825396825
11460	E01011812	Wakefield 013B	E08000036	Wakefield	Yorkshire and The Humber	32	69	6.7	1029.8507462687
11486	E01011838	Wakefield 015C	E08000036	Wakefield	Yorkshire and The Humber	122	184	16.4	1121.9512195122
11564	E01011916	Wakefield 017D	E08000036	Wakefield	Yorkshire and The Humber	199	232	18.9	1227.5132275132
11738	E01012102	Redcar and Cleveland 001C	E06000003	Redcar and Cleveland	North East	20	285	28	1017.8571428572
11764	E01012138	Redcar and Cleveland 006A	E06000003	Redcar and Cleveland	North East	5	83	8.3	1000
11882	E01012264	Stockton-on-Tees 014C	E06000004	Stockton-on-Tees	North East	18	173	17	1017.6470588235
11883	E01012266	Stockton-on-Tees 014E	E06000004	Stockton-on-Tees	North East	128	273	24.2	1128.0991735537
11909	E01012292	Stockton-on-Tees 019C	E06000004	Stockton-on-Tees	North East	38	173	16.7	1035.9281437126
11931	E01012316	Darlington 010B	E06000005	Darlington	North East	143	189	16.5	1145.4545454546
11934	E01012319	Darlington 013C	E06000005	Darlington	North East	95	168	15.3	1098.0392156863
11952	E01012340	Darlington 012D	E06000005	Darlington	North East	34	193	18.7	1032.0855614973
11986	E01012374	Halton 002A	E06000006	Halton	North West	62	84	7.9	1063.2911392405
12040	E01012428	Halton 012C	E06000006	Halton	North West	15	149	14.7	1013.6054421769
12043	E01012431	Halton 012F	E06000006	Halton	North West	3	195	19.5	1000
12053	E01012441	Halton 007D	E06000006	Halton	North West	66	163	15.3	1065.3594771242
12069	E01012458	Warrington 018B	E06000007	Warrington	North West	1	117	11.7	1000
12208	E01012598	Blackburn with Darwen 013C	E06000008	Blackburn with Darwen	North West	39	58	5.6	1035.7142857143
12312	E01012704	Blackpool 002C	E06000009	Blackpool	North West	68	141	13.2	1068.1818181818
12371	E01012763	Kingston upon Hull 018C	E06000010	Kingston upon Hull City of	Yorkshire and The Humber	15	270	26.6	1015.037593985
12457	E01012850	Kingston upon Hull 024A	E06000010	Kingston upon Hull City of	Yorkshire and The Humber	3	263	26.2	1003.8167938931
12458	E01012851	Kingston upon Hull 029A	E06000010	Kingston upon Hull City of	Yorkshire and The Humber	211	264	18.8	1404.2553191489
12460	E01012854	Kingston upon Hull 029C	E06000010	Kingston upon Hull City of	Yorkshire and The Humber	206	226	17.9	1262.5698324022
12494	E01012891	Kingston upon Hull 030C	E06000010	Kingston upon Hull City of	Yorkshire and The Humber	93	251	23	1091.3043478261
12529	E01012926	East Riding of Yorkshire 014B	E06000011	East Riding of Yorkshire	Yorkshire and The Humber	79	146	13.5	1081.4814814815
12540	E01012937	East Riding of Yorkshire 002D	E06000011	East Riding of Yorkshire	Yorkshire and The Humber	69	255	23.9	1066.9456066946
12541	E01012938	East Riding of Yorkshire 001C	E06000011	East Riding of Yorkshire	Yorkshire and The Humber	119	134	12	1116.6666666667
12579	E01012977	East Riding of Yorkshire 044B	E06000011	East Riding of Yorkshire	Yorkshire and The Humber	43	115	11	1045.4545454546
12725	E01013124	East Riding of Yorkshire 015D	E06000011	East Riding of Yorkshire	Yorkshire and The Humber	8	105	10.4	1009.6153846154
12738	E01013137	North East Lincolnshire 002B	E06000012	North East Lincolnshire	Yorkshire and The Humber	8	187	18.6	1005.376344086
12791	E01013190	North East Lincolnshire 021B	E06000012	North East Lincolnshire	Yorkshire and The Humber	97	110	10	1100
12838	E01013240	North Lincolnshire 015B	E06000013	North Lincolnshire	Yorkshire and The Humber	12	147	14.5	1013.7931034483
12854	E01013256	North Lincolnshire 001C	E06000013	North Lincolnshire	Yorkshire and The Humber	48	144	13.8	1043.4782608696
12966	E01013369	York 013C	E06000014	York	Yorkshire and The Humber	4	183	18.2	1005.4945054945
12980	E01013383	York 010D	E06000014	York	Yorkshire and The Humber	52	200	19	1052.6315789474
12988	E01013391	York 017B	E06000014	York	Yorkshire and The Humber	74	149	13.9	1071.9424460432
13049	E01013453	Derby 013A	E06000015	Derby	East Midlands	142	277	24.2	1144.6280991736
13052	E01013456	Derby 013C	E06000015	Derby	East Midlands	68	246	23	1069.5652173913
13074	E01013479	Derby 013F	E06000015	Derby	East Midlands	157	301	25.9	1162.1621621622
13075	E01013480	Derby 016A	E06000015	Derby	East Midlands	101	341	31	1100
13118	E01013525	Derby 008D	E06000015	Derby	East Midlands	81	168	15.5	1083.8709677419
13122	E01013529	Derby 005D	E06000015	Derby	East Midlands	55	198	18.8	1053.1914893617
13200	E01013607	Leicester 008B	E06000016	Leicester	East Midlands	156	186	16	1162.5
13237	E01013646	Leicester 040A	E06000016	Leicester	East Midlands	118	505	45.1	1119.733924612
13274	E01013683	Leicester 016C	E06000016	Leicester	East Midlands	2	271	27.1	1000
13375	E01013788	Rutland 001A	E06000017	Rutland	East Midlands	37	152	14.7	1034.0136054422
13390	E01013803	Rutland 003D	E06000017	Rutland	East Midlands	4	132	13.2	1000
13427	E01013840	Nottingham 012D	E06000018	Nottingham	East Midlands	1	146	14.6	1000
13454	E01013870	Nottingham 040A	E06000018	Nottingham	East Midlands	45	141	13.5	1044.4444444445
13504	E01013920	Nottingham 029C	E06000018	Nottingham	East Midlands	203	307	24.8	1237.9032258065
13516	E01013936	Nottingham 016A	E06000018	Nottingham	East Midlands	77	118	11	1072.7272727273
13649	E01014076	Herefordshire 013B	E06000019	Herefordshire County of	West Midlands	13	171	16.9	1011.8343195266
13714	E01014141	Telford and Wrekin 009C	E06000020	Telford and Wrekin	West Midlands	63	136	12.8	1062.5
13838	E01014267	Stoke-on-Trent 007E	E06000021	Stoke-on-Trent	West Midlands	37	137	13.2	1037.8787878788
13941	E01014370	Bath and North East Somerset 0	E06000022	Bath and North East Somerset	South West	76	250	23.2	1077.5862068966
13942	E01014371	Bath and North East Somerset 0	E06000022	Bath and North East Somerset	South West	115	264	23.7	1113.9240506329
13943	E01014372	Bath and North East Somerset 0	E06000022	Bath and North East Somerset	South West	180	274	22.8	1201.7543859649
14054	E01014486	Bristol 023B	E06000023	Bristol City of	South West	112	224	20.1	1114.4278606965
14057	E01014489	Bristol 023D	E06000023	Bristol City of	South West	166	298	25.4	1173.2283464567
14132	E01014568	Bristol 057A	E06000023	Bristol City of	South West	32	236	22.9	1030.5676855895
14138	E01014574	Bristol 057D	E06000023	Bristol City of	South West	18	197	19.4	1015.4639175258
14212	E01014653	Bristol 055B	E06000023	Bristol City of	South West	82	259	23.9	1083.6820083682
14214	E01014655	Bristol 055C	E06000023	Bristol City of	South West	95	253	23.1	1095.2380952381
14238	E01014681	Bristol 029D	E06000023	Bristol City of	South West	89	175	16.1	1086.9565217391
14389	E01014841	North Somerset 018A	E06000024	North Somerset	South West	11	195	19.3	1010.3626943005
14399	E01014851	North Somerset 006D	E06000024	North Somerset	South West	112	131	11.8	1110.1694915254
14410	E01014862	South Gloucestershire 005B	E06000025	South Gloucestershire	South West	101	178	16.2	1098.7654320988
14537	E01014991	South Gloucestershire 002B	E06000025	South Gloucestershire	South West	12	93	9.2	1010.8695652174
14701	E01015157	Plymouth 029D	E06000026	Plymouth	South West	199	241	19.6	1229.5918367347
14702	E01015158	Plymouth 029E	E06000026	Plymouth	South West	209	235	17.2	1366.2790697675
14725	E01015181	Plymouth 028D	E06000026	Plymouth	South West	10	237	23.5	1008.5106382979
14796	E01015252	Torbay 003D	E06000027	Torbay	South West	34	109	10.6	1028.3018867925
14800	E01015256	Torbay 008C	E06000027	Torbay	South West	63	208	19.6	1061.2244897959
14822	E01015279	Bournemouth 019B	E06000028	Bournemouth	South West	16	221	21.8	1013.7614678899
14823	E01015280	Bournemouth 019C	E06000028	Bournemouth	South West	31	256	24.9	1028.1124497992
14825	E01015282	Bournemouth 019E	E06000028	Bournemouth	South West	187	340	28.1	1209.9644128114
14826	E01015283	Bournemouth 017A	E06000028	Bournemouth	South West	21	215	21.1	1018.9573459716
14827	E01015285	Bournemouth 021A	E06000028	Bournemouth	South West	122	220	19.6	1122.4489795918
14828	E01015286	Bournemouth 017C	E06000028	Bournemouth	South West	114	123	11	1118.1818181818
14831	E01015289	Bournemouth 021C	E06000028	Bournemouth	South West	43	169	16.2	1043.2098765432
14838	E01015296	Bournemouth 020B	E06000028	Bournemouth	South West	10	127	12.6	1007.9365079365
14873	E01015331	Bournemouth 013B	E06000028	Bournemouth	South West	48	164	15.7	1044.5859872612
14908	E01015367	Bournemouth 024A	E06000028	Bournemouth	South West	137	208	18.3	1136.6120218579
14909	E01015368	Bournemouth 024B	E06000028	Bournemouth	South West	52	113	10.8	1046.2962962963
14964	E01015423	Poole 016A	E06000029	Poole	South West	4	162	16.2	1000
14994	E01015453	Poole 017B	E06000029	Poole	South West	9	127	12.6	1007.9365079365
15014	E01015476	Swindon 015B	E06000030	Swindon	South West	201	275	22.3	1233.1838565023
15070	E01015534	Swindon 024B	E06000030	Swindon	South West	78	111	10.3	1077.6699029126
15072	E01015536	Swindon 024D	E06000030	Swindon	South West	45	143	13.7	1043.795620438
15157	E01015622	Peterborough 016A	E06000031	Peterborough	East of England	83	100	9.2	1086.9565217391
15274	E01015741	Luton 018B	E06000032	Luton	East of England	15	143	14.1	1014.1843971631
15324	E01015791	Luton 021C	E06000032	Luton	East of England	105	249	22.5	1106.6666666667
15327	E01015794	Luton 018F	E06000032	Luton	East of England	43	148	14.2	1042.2535211268
15374	E01015841	Southend-on-Sea 014C	E06000033	Southend-on-Sea	East of England	62	244	23	1060.8695652174
15384	E01015851	Southend-on-Sea 015A	E06000033	Southend-on-Sea	East of England	6	143	14.2	1007.0422535211
15428	E01015895	Southend-on-Sea 010A	E06000033	Southend-on-Sea	East of England	42	175	16.8	1041.6666666667
15544	E01016013	Thurrock 015D	E06000034	Thurrock	East of England	5	87	8.7	1000
15565	E01016034	Medway 010C	E06000035	Medway	South East	36	103	10	1030
15760	E01016233	Bracknell Forest 007B	E06000036	Bracknell Forest	South East	27	60	5.8	1034.4827586207
15818	E01016293	West Berkshire 019A	E06000037	West Berkshire	South East	3	52	5.2	1000
15998	E01016477	Slough 008E	E06000039	Slough	South East	24	37	3.6	1027.7777777778
16039	E01016519	Slough 005D	E06000039	Slough	South East	38	75	7.2	1041.6666666667
16065	E01016545	Windsor and Maidenhead 012A	E06000040	Windsor and Maidenhead	South East	69	75	7	1071.4285714286
16347	E01016840	Milton Keynes 010D	E06000042	Milton Keynes	South East	52	64	6.1	1049.1803278689
16360	E01016853	Brighton and Hove 026C	E06000043	Brighton and Hove	South East	113	141	12.7	1110.2362204724
16361	E01016854	Brighton and Hove 029C	E06000043	Brighton and Hove	South East	1	170	17	1000
16362	E01016855	Brighton and Hove 026D	E06000043	Brighton and Hove	South East	21	138	13.5	1022.2222222222
16378	E01016871	Brighton and Hove 019B	E06000043	Brighton and Hove	South East	59	91	8.6	1058.1395348837
16380	E01016873	Brighton and Hove 019D	E06000043	Brighton and Hove	South East	2	95	9.5	1000
16381	E01016874	Brighton and Hove 020B	E06000043	Brighton and Hove	South East	31	63	6.1	1032.7868852459
16444	E01016937	Brighton and Hove 014E	E06000043	Brighton and Hove	South East	20	164	16.1	1018.6335403727
16448	E01016941	Brighton and Hove 030A	E06000043	Brighton and Hove	South East	116	170	15.2	1118.4210526316
16457	E01016950	Brighton and Hove 024B	E06000043	Brighton and Hove	South East	30	119	11.6	1025.8620689655
16461	E01016954	Brighton and Hove 029D	E06000043	Brighton and Hove	South East	109	160	14.4	1111.1111111111
16462	E01016955	Brighton and Hove 029E	E06000043	Brighton and Hove	South East	35	166	16.1	1031.0559006211
16471	E01016964	Brighton and Hove 027C	E06000043	Brighton and Hove	South East	16	210	20.7	1014.4927536232
16473	E01016967	Brighton and Hove 024D	E06000043	Brighton and Hove	South East	109	146	13.2	1106.0606060606
16475	E01016969	Brighton and Hove 027E	E06000043	Brighton and Hove	South East	38	132	12.7	1039.3700787402
16627	E01017123	Portsmouth 024B	E06000044	Portsmouth	South East	128	146	12.9	1131.7829457364
16644	E01017142	Southampton 029C	E06000045	Southampton	South East	20	58	5.7	1017.5438596491
16696	E01017196	Southampton 020D	E06000045	Southampton	South East	13	56	5.5	1018.1818181818
17063	E01017575	Central Bedfordshire 024C	E06000056	Central Bedfordshire	East of England	65	84	7.9	1063.2911392405
17324	E01017842	Wycombe 007A	E07000007	Wycombe	South East	52	164	15.6	1051.2820512821
17360	E01017878	Wycombe 007D	E07000007	Wycombe	South East	74	242	22.5	1075.5555555556
17391	E01017910	Wycombe 016C	E07000007	Wycombe	South East	70	77	7.2	1069.4444444445
17447	E01017966	Cambridge 010B	E07000008	Cambridge	East of England	92	125	11.4	1096.4912280702
17506	E01018032	East Cambridgeshire 003D	E07000009	East Cambridgeshire	East of England	21	89	8.7	1022.9885057471
17535	E01018062	Fenland 011A	E07000010	Fenland	East of England	45	107	10.2	1049.0196078431
17582	E01018110	Fenland 011E	E07000010	Fenland	East of England	86	133	12.2	1090.1639344262
17657	E01018187	Huntingdonshire 019A	E07000011	Huntingdonshire	East of England	15	62	6.1	1016.393442623
17792	E01018326	Cheshire West and Chester 034A	E06000050	Cheshire West and Chester	North West	159	185	15.9	1163.5220125786
17793	E01018327	Cheshire West and Chester 033B	E06000050	Cheshire West and Chester	North West	161	189	16.2	1166.6666666667
17795	E01018329	Cheshire West and Chester 034C	E06000050	Cheshire West and Chester	North West	46	249	23.8	1046.218487395
17930	E01018465	Cheshire East 041A	E06000049	Cheshire East	North West	154	271	23.4	1158.1196581197
17931	E01018466	Cheshire East 036D	E06000049	Cheshire East	North West	114	188	16.9	1112.426035503
18027	E01018563	Cheshire West and Chester 007D	E06000050	Cheshire West and Chester	North West	28	107	10.4	1028.8461538462
18028	E01018564	Cheshire West and Chester 007E	E06000050	Cheshire West and Chester	North West	109	155	14	1107.1428571429
18041	E01018577	Cheshire East 013C	E06000049	Cheshire East	North West	105	177	16	1106.25
18055	E01018591	Cheshire East 020A	E06000049	Cheshire East	North West	21	301	29.5	1020.3389830509
18061	E01018597	Cheshire East 020B	E06000049	Cheshire East	North West	14	398	39.3	1012.7226463104
18090	E01018626	Cheshire East 016A	E06000049	Cheshire East	North West	51	161	15.3	1052.2875816994
18133	E01018669	Cheshire East 020C	E06000049	Cheshire East	North West	91	307	28.1	1092.5266903915
18134	E01018670	Cheshire East 020D	E06000049	Cheshire East	North West	18	260	25.6	1015.625
18177	E01018713	Cheshire West and Chester 018A	E06000050	Cheshire West and Chester	North West	131	145	12.8	1132.8125
18222	E01018758	Cornwall 016A	E06000052	Cornwall	South West	59	247	23.3	1060.0858369099
18244	E01018780	Cornwall 034A	E06000052	Cornwall	South West	31	256	24.9	1028.1124497992
18271	E01018809	Cornwall 044C	E06000052	Cornwall	South West	167	187	15.9	1176.1006289308
18286	E01018824	Cornwall 042B	E06000052	Cornwall	South West	67	164	15.4	1064.9350649351
18288	E01018826	Cornwall 040B	E06000052	Cornwall	South West	16	225	22.2	1013.5135135135
18314	E01018852	Cornwall 040D	E06000052	Cornwall	South West	114	417	37.4	1114.9732620321
18315	E01018853	Cornwall 042C	E06000052	Cornwall	South West	43	121	11.6	1043.1034482759
18388	E01018926	Cornwall 011B	E06000052	Cornwall	South West	60	377	35.6	1058.988764045
18424	E01018965	Cornwall 006C	E06000052	Cornwall	South West	28	326	31.7	1028.3911671924
18427	E01018968	Cornwall 004C	E06000052	Cornwall	South West	39	452	43.5	1039.0804597701
18428	E01018969	Cornwall 003D	E06000052	Cornwall	South West	44	370	35.5	1042.2535211268
18433	E01018974	Cornwall 002C	E06000052	Cornwall	South West	40	361	34.7	1040.3458213257
18435	E01018976	Cornwall 067A	E06000052	Cornwall	South West	9	223	22.1	1009.0497737557
18444	E01018985	Cornwall 058A	E06000052	Cornwall	South West	24	222	21.7	1023.0414746544
18454	E01018995	Cornwall 068A	E06000052	Cornwall	South West	80	228	21.1	1080.5687203792
18471	E01019012	Cornwall 054E	E06000052	Cornwall	South West	37	298	28.8	1034.7222222222
18476	E01019017	Cornwall 036E	E06000052	Cornwall	South West	103	229	20.8	1100.9615384615
18536	E01019077	Isles of Scilly 001A	E06000053	Isles of Scilly	South West	26	302	29.5	1023.7288135593
18580	E01019121	Allerdale 009E	E07000026	Allerdale	North West	26	219	21.4	1023.3644859813
18670	E01019213	Carlisle 013B	E07000028	Carlisle	North West	140	204	17.8	1146.0674157303
18737	E01019280	Copeland 002B	E07000029	Copeland	North West	18	139	13.7	1014.598540146
18817	E01019360	South Lakeland 004A	E07000031	South Lakeland	North West	47	186	17.8	1044.9438202247
18824	E01019367	South Lakeland 006B	E07000031	South Lakeland	North West	80	135	12.5	1080
18827	E01019370	South Lakeland 003D	E07000031	South Lakeland	North West	47	137	13.1	1045.8015267176
18864	E01019407	Amber Valley 010A	E07000032	Amber Valley	East Midlands	36	260	25.1	1035.8565737052
18928	E01019472	Amber Valley 016D	E07000032	Amber Valley	East Midlands	144	395	34.4	1148.2558139535
18933	E01019477	Amber Valley 002D	E07000032	Amber Valley	East Midlands	29	228	22.2	1027.027027027
18947	E01019491	Bolsover 001C	E07000033	Bolsover	East Midlands	2	177	17.7	1000
18959	E01019503	Bolsover 007A	E07000033	Bolsover	East Midlands	66	187	17.5	1068.5714285714
18968	E01019512	Bolsover 006D	E07000033	Bolsover	East Midlands	115	133	11.9	1117.6470588235
19040	E01019585	Chesterfield 012G	E07000034	Chesterfield	East Midlands	22	139	13.6	1022.0588235294
19154	E01019700	Erewash 015C	E07000036	Erewash	East Midlands	29	155	15.1	1026.4900662252
19168	E01019714	High Peak 012A	E07000037	High Peak	East Midlands	35	250	24.2	1033.0578512397
19222	E01019768	High Peak 003F	E07000037	High Peak	East Midlands	65	192	18	1066.6666666667
19227	E01019773	North East Derbyshire 012A	E07000038	North East Derbyshire	East Midlands	127	200	17.7	1129.9435028249
19231	E01019777	North East Derbyshire 012D	E07000038	North East Derbyshire	East Midlands	86	142	13.1	1083.9694656489
19268	E01019815	North East Derbyshire 014C	E07000038	North East Derbyshire	East Midlands	114	144	12.9	1116.2790697675
19336	E01019886	East Devon 005A	E07000040	East Devon	South West	141	299	26.1	1145.5938697318
19348	E01019898	East Devon 014A	E07000040	East Devon	South West	56	220	20.9	1052.6315789474
19395	E01019947	East Devon 010B	E07000040	East Devon	South West	7	205	20.4	1004.9019607843
19399	E01019951	East Devon 009C	E07000040	East Devon	South West	4	272	27.1	1003.6900369004
19409	E01019961	East Devon 007E	E07000040	East Devon	South West	124	388	34.5	1124.6376811594
19462	E01020016	Exeter 008C	E07000041	Exeter	South West	178	220	18.4	1195.6521739131
19463	E01020017	Exeter 008D	E07000041	Exeter	South West	46	294	28.1	1046.2633451957
19464	E01020018	Exeter 008E	E07000041	Exeter	South West	141	198	17.3	1144.5086705202
19469	E01020023	Exeter 009B	E07000041	Exeter	South West	33	121	11.7	1034.188034188
19507	E01020063	Mid Devon 003A	E07000042	Mid Devon	South West	81	163	15.1	1079.4701986755
19538	E01020094	North Devon 008A	E07000043	North Devon	South West	41	191	18.4	1038.0434782609
19582	E01020138	North Devon 014C	E07000043	North Devon	South West	11	353	35	1008.5714285714
19586	E01020142	South Hams 006A	E07000044	South Hams	South West	6	330	32.8	1006.0975609756
19605	E01020161	South Hams 005A	E07000044	South Hams	South West	102	155	14.1	1099.2907801419
19613	E01020169	South Hams 010B	E07000044	South Hams	South West	95	215	19.6	1096.9387755102
19633	E01020189	South Hams 010C	E07000044	South Hams	South West	22	168	16.5	1018.1818181818
19713	E01020269	Teignbridge 010B	E07000045	Teignbridge	South West	175	228	19.2	1187.5
19723	E01020279	Torridge 004C	E07000046	Torridge	South West	26	165	16.1	1024.8447204969
19724	E01020280	Torridge 003A	E07000046	Torridge	South West	178	296	24.7	1198.3805668016
19754	E01020310	Torridge 002C	E07000046	Torridge	South West	116	225	20.1	1119.4029850746
19782	E01020338	West Devon 005G	E07000047	West Devon	South West	58	116	11	1054.5454545455
19793	E01020349	Christchurch 003A	E07000048	Christchurch	South West	74	88	8.2	1073.1707317073
19812	E01020368	Christchurch 006E	E07000048	Christchurch	South West	171	175	14.8	1182.4324324324
19843	E01020399	East Dorset 011B	E07000049	East Dorset	South West	47	108	10.3	1048.5436893204
19850	E01020406	East Dorset 004D	E07000049	East Dorset	South West	80	140	13	1076.9230769231
19882	E01020438	North Dorset 007D	E07000050	North Dorset	South West	114	194	17.4	1114.9425287356
19883	E01020439	North Dorset 007E	E07000050	North Dorset	South West	16	142	14	1014.2857142857
19946	E01020504	West Dorset 008C	E07000052	West Dorset	South West	123	182	16.2	1123.4567901235
19951	E01020509	West Dorset 004A	E07000052	West Dorset	South West	175	330	27.7	1191.3357400722
19969	E01020529	West Dorset 004C	E07000052	West Dorset	South West	7	283	28.1	1007.1174377224
19980	E01020540	West Dorset 004E	E07000052	West Dorset	South West	76	248	23	1078.2608695652
19992	E01020554	Weymouth and Portland 004B	E07000053	Weymouth and Portland	South West	16	222	21.9	1013.698630137
20017	E01020581	Weymouth and Portland 004E	E07000053	Weymouth and Portland	South West	25	175	17.1	1023.3918128655
20079	E01020643	County Durham 010E	E06000047	County Durham	North East	39	188	18.1	1038.6740331492
20080	E01020644	County Durham 014D	E06000047	County Durham	North East	33	158	15.3	1032.6797385621
20150	E01020715	County Durham 031C	E06000047	County Durham	North East	53	207	19.7	1050.7614213198
20228	E01020797	County Durham 050A	E06000047	County Durham	North East	169	242	20.6	1174.7572815534
20258	E01020829	County Durham 054C	E06000047	County Durham	North East	22	132	12.9	1023.2558139535
20291	E01020862	County Durham 064F	E06000047	County Durham	North East	85	244	22.5	1084.4444444445
20326	E01020897	County Durham 057E	E06000047	County Durham	North East	60	143	13.5	1059.2592592593
20341	E01020912	Eastbourne 010C	E07000061	Eastbourne	South East	34	152	14.7	1034.0136054422
20364	E01020935	Eastbourne 011A	E07000061	Eastbourne	South East	73	122	11.4	1070.1754385965
20365	E01020936	Eastbourne 011B	E07000061	Eastbourne	South East	25	72	7	1028.5714285714
20393	E01020965	Eastbourne 008C	E07000061	Eastbourne	South East	28	114	11.1	1027.027027027
20398	E01020970	Hastings 001B	E07000062	Hastings	South East	4	52	5.2	1000
20406	E01020978	Hastings 009A	E07000062	Hastings	South East	113	210	18.9	1111.1111111111
20407	E01020979	Hastings 009B	E07000062	Hastings	South East	164	174	14.9	1167.7852348993
20410	E01020982	Hastings 011A	E07000062	Hastings	South East	35	210	20.3	1034.4827586207
20411	E01020983	Hastings 011B	E07000062	Hastings	South East	35	152	14.7	1034.0136054422
20412	E01020984	Hastings 011C	E07000062	Hastings	South East	167	194	16.5	1175.7575757576
20413	E01020985	Hastings 011D	E07000062	Hastings	South East	86	190	17.5	1085.7142857143
20519	E01021091	Rother 011B	E07000064	Rother	South East	84	144	13.3	1082.7067669173
20538	E01021110	Rother 005E	E07000064	Rother	South East	104	189	17.1	1105.2631578947
20594	E01021166	Wealden 018C	E07000065	Wealden	South East	50	198	18.9	1047.6190476191
20598	E01021170	Wealden 008C	E07000065	Wealden	South East	103	332	30.1	1102.9900332226
20792	E01021365	Braintree 009D	E07000067	Braintree	East of England	120	137	12.2	1122.9508196721
20796	E01021369	Braintree 012D	E07000067	Braintree	East of England	69	86	8	1075
20800	E01021373	Braintree 011D	E07000067	Braintree	East of England	31	72	7	1028.5714285714
20814	E01021387	Braintree 004A	E07000067	Braintree	East of England	5	109	10.9	1000
20920	E01021495	Castle Point 009C	E07000069	Castle Point	East of England	129	140	12.4	1129.0322580645
21065	E01021646	Colchester 007A	E07000071	Colchester	East of England	8	112	11.1	1009.009009009
21067	E01021648	Colchester 007C	E07000071	Colchester	East of England	113	145	13	1115.3846153846
21068	E01021649	Colchester 007D	E07000071	Colchester	East of England	42	125	12	1041.6666666667
21098	E01021680	Colchester 004B	E07000071	Colchester	East of England	77	121	11.2	1080.3571428572
21232	E01021817	Epping Forest 008E	E07000072	Epping Forest	East of England	55	98	9.3	1053.7634408602
21272	E01021857	Harlow 001D	E07000073	Harlow	East of England	59	97	9.2	1054.347826087
21401	E01021988	Tendring 018A	E07000076	Tendring	East of England	20	272	26.7	1018.7265917603
21511	E01022102	Cheltenham 008C	E07000078	Cheltenham	South West	70	188	17.6	1068.1818181818
21512	E01022103	Cheltenham 012A	E07000078	Cheltenham	South West	34	134	13	1030.7692307692
21532	E01022123	Cheltenham 010D	E07000078	Cheltenham	South West	13	61	6	1016.6666666667
21567	E01022158	Cheltenham 007F	E07000078	Cheltenham	South West	72	166	15.5	1070.9677419355
21603	E01022194	Cotswold 007A	E07000079	Cotswold	South West	24	187	18.3	1021.8579234973
21632	E01022223	Cotswold 010B	E07000079	Cotswold	South West	53	177	16.8	1053.5714285714
21720	E01022311	Gloucester 002C	E07000081	Gloucester	South West	29	147	14.3	1027.972027972
21772	E01022365	Stroud 006A	E07000082	Stroud	South West	30	177	17.2	1029.0697674419
21784	E01022377	Stroud 004E	E07000082	Stroud	South West	20	133	13.1	1015.2671755725
21817	E01022410	Stroud 006C	E07000082	Stroud	South West	15	202	19.9	1015.0753768844
21819	E01022412	Stroud 001D	E07000082	Stroud	South West	182	238	19.8	1202.0202020202
21821	E01022414	Stroud 006E	E07000082	Stroud	South West	136	196	17.2	1139.5348837209
21899	E01022494	Basingstoke and Deane 008C	E07000084	Basingstoke and Deane	South East	25	31	3	1033.3333333333
22021	E01022625	East Hampshire 011E	E07000085	East Hampshire	South East	90	101	9.3	1086.0215053764
22061	E01022668	Eastleigh 006A	E07000086	Eastleigh	South East	11	88	8.7	1011.4942528736
22081	E01022688	Eastleigh 015A	E07000086	Eastleigh	South East	38	55	5.3	1037.7358490566
22200	E01022811	Gosport 008B	E07000088	Gosport	South East	92	120	11	1090.9090909091
22325	E01022945	Havant 016C	E07000090	Havant	South East	50	79	7.5	1053.3333333333
22333	E01022953	Havant 014A	E07000090	Havant	South East	30	91	8.8	1034.0909090909
22533	E01023155	Test Valley 003A	E07000093	Test Valley	South East	85	147	13.5	1088.8888888889
22728	E01023352	Dacorum 004A	E07000096	Dacorum	East of England	5	135	13.4	1007.4626865672
22773	E01023398	Dacorum 015D	E07000096	Dacorum	East of England	64	116	10.9	1064.2201834862
22821	E01023446	East Hertfordshire 007D	E07000097	East Hertfordshire	East of England	122	123	11	1118.1818181818
22873	E01023498	East Hertfordshire 006A	E07000097	East Hertfordshire	East of England	93	99	9.1	1087.9120879121
22973	E01023601	North Hertfordshire 010A	E07000099	North Hertfordshire	East of England	93	106	9.7	1092.7835051546
22988	E01023616	North Hertfordshire 012F	E07000099	North Hertfordshire	East of England	25	102	10	1020
23029	E01023657	North Hertfordshire 002D	E07000099	North Hertfordshire	East of England	8	66	6.6	1000
23032	E01023660	North Hertfordshire 001A	E07000099	North Hertfordshire	East of England	37	81	7.8	1038.4615384615
23098	E01023727	St Albans 012B	E07000100	St Albans	East of England	15	95	9.4	1010.6382978723
23129	E01023758	Stevenage 008D	E07000101	Stevenage	East of England	44	109	10.5	1038.0952380952
23232	E01023861	Watford 009C	E07000103	Watford	East of England	106	107	9.7	1103.0927835052
23257	E01023886	Watford 008A	E07000103	Watford	East of England	96	164	15	1093.3333333333
23332	E01023963	Welwyn Hatfield 014B	E07000104	Welwyn Hatfield	East of England	10	85	8.4	1011.9047619048
23489	E01024130	Canterbury 019C	E07000106	Canterbury	South East	83	88	8.1	1086.4197530864
23557	E01024198	Dover 014A	E07000108	Dover	South East	75	138	12.8	1078.125
23608	E01024252	Dover 004D	E07000108	Dover	South East	139	166	14.5	1144.8275862069
23680	E01024325	Maidstone 014A	E07000110	Maidstone	South East	1	90	9	1000
23695	E01024340	Maidstone 006B	E07000110	Maidstone	South East	34	103	10	1030
23812	E01024461	Sevenoaks 010C	E07000111	Sevenoaks	South East	49	91	8.7	1045.9770114943
23855	E01024504	Shepway 014A	E07000112	Shepway	South East	78	187	17.3	1080.9248554913
23857	E01024507	Shepway 014B	E07000112	Shepway	South East	61	155	14.6	1061.6438356164
23858	E01024508	Shepway 015A	E07000112	Shepway	South East	109	157	14.2	1105.6338028169
23885	E01024535	Shepway 013D	E07000112	Shepway	South East	9	105	10.4	1009.6153846154
23902	E01024553	Swale 015C	E07000113	Swale	South East	3	114	11.4	1000
23917	E01024568	Swale 009D	E07000113	Swale	South East	35	73	7.1	1028.1690140845
23927	E01024579	Swale 007E	E07000113	Swale	South East	56	79	7.5	1053.3333333333
23982	E01024636	Thanet 008A	E07000114	Thanet	South East	85	86	7.9	1088.6075949367
24003	E01024657	Thanet 001A	E07000114	Thanet	South East	10	241	23.9	1008.3682008368
24024	E01024678	Thanet 001E	E07000114	Thanet	South East	39	158	15.2	1039.4736842105
24143	E01024802	Tunbridge Wells 008B	E07000116	Tunbridge Wells	South East	82	119	11	1081.8181818182
24260	E01024919	Chorley 008A	E07000118	Chorley	North West	100	103	9.4	1095.7446808511
24286	E01024945	Chorley 012D	E07000118	Chorley	North West	147	149	13	1146.1538461539
24357	E01025016	Fylde 005D	E07000119	Fylde	North West	13	103	10.2	1009.8039215686
24512	E01025176	Pendle 008C	E07000122	Pendle	North West	6	139	13.8	1007.2463768116
24631	E01025295	Preston 014A	E07000123	Preston	North West	78	186	17.3	1075.1445086705
24753	E01025420	South Ribble 012D	E07000126	South Ribble	North West	48	109	10.4	1048.0769230769
24885	E01025553	Wyre 007B	E07000128	Wyre	North West	24	130	12.7	1023.6220472441
24908	E01025576	Wyre 011D	E07000128	Wyre	North West	57	120	11.4	1052.6315789474
25010	E01025679	Charnwood 019A	E07000130	Charnwood	East Midlands	11	170	16.8	1011.9047619048
25100	E01025771	Harborough 005A	E07000131	Harborough	East Midlands	47	304	29.1	1044.6735395189
25121	E01025792	Harborough 010C	E07000131	Harborough	East Midlands	115	162	14.5	1117.2413793104
25122	E01025793	Harborough 010D	E07000131	Harborough	East Midlands	7	129	12.8	1007.8125
25137	E01025808	Harborough 006B	E07000131	Harborough	East Midlands	56	286	27.1	1055.3505535055
25206	E01025878	Hinckley and Bosworth 001E	E07000132	Hinckley and Bosworth	East Midlands	61	214	20.2	1059.4059405941
25252	E01025925	North West Leicestershire 001B	E07000134	North West Leicestershire	East Midlands	189	228	18.8	1212.7659574468
25331	E01026006	Boston 003A	E07000136	Boston	East Midlands	166	309	26.4	1170.4545454546
25336	E01026011	Boston 002B	E07000136	Boston	East Midlands	132	195	17.2	1133.7209302326
25341	E01026016	Boston 006A	E07000136	Boston	East Midlands	6	338	33.6	1005.9523809524
25344	E01026019	Boston 007C	E07000136	Boston	East Midlands	170	209	17.7	1180.790960452
25350	E01026025	Boston 003C	E07000136	Boston	East Midlands	8	213	21.2	1004.7169811321
25354	E01026029	Boston 009A	E07000136	Boston	East Midlands	24	177	17.3	1023.1213872832
25355	E01026030	Boston 002C	E07000136	Boston	East Midlands	16	174	17.1	1017.5438596491
25406	E01026081	East Lindsey 004A	E07000137	East Lindsey	East Midlands	178	251	21	1195.2380952381
25407	E01026082	East Lindsey 007B	E07000137	East Lindsey	East Midlands	29	431	41.9	1028.6396181384
25410	E01026085	East Lindsey 012B	E07000137	East Lindsey	East Midlands	119	140	12.5	1120
25427	E01026103	East Lindsey 006A	E07000137	East Lindsey	East Midlands	30	237	23	1030.4347826087
25428	E01026104	East Lindsey 006B	E07000137	East Lindsey	East Midlands	109	215	19.4	1108.2474226804
25432	E01026108	East Lindsey 003G	E07000137	East Lindsey	East Midlands	71	199	18.6	1069.8924731183
25433	E01026109	East Lindsey 006C	E07000137	East Lindsey	East Midlands	161	300	25.7	1167.3151750973
25445	E01026121	East Lindsey 007C	E07000137	East Lindsey	East Midlands	130	340	30.1	1129.5681063123
25447	E01026123	Lincoln 004B	E07000138	Lincoln	East Midlands	31	175	17	1029.4117647059
25457	E01026133	Lincoln 008A	E07000138	Lincoln	East Midlands	16	275	27.1	1014.7601476015
25471	E01026147	Lincoln 003C	E07000138	Lincoln	East Midlands	46	156	14.9	1046.9798657718
25477	E01026153	Lincoln 002A	E07000138	Lincoln	East Midlands	113	131	11.8	1110.1694915254
25506	E01026183	North Kesteven 007B	E07000139	North Kesteven	East Midlands	117	311	27.8	1118.7050359712
25511	E01026188	North Kesteven 004C	E07000139	North Kesteven	East Midlands	61	101	9.5	1063.1578947369
25541	E01026220	North Kesteven 013A	E07000139	North Kesteven	East Midlands	42	150	14.4	1041.6666666667
25542	E01026221	North Kesteven 009B	E07000139	North Kesteven	East Midlands	65	335	31.5	1063.4920634921
25553	E01026232	North Kesteven 010D	E07000139	North Kesteven	East Midlands	37	156	15.1	1033.1125827815
25555	E01026234	North Kesteven 011D	E07000139	North Kesteven	East Midlands	73	75	7	1071.4285714286
25600	E01026280	South Holland 010C	E07000140	South Holland	East Midlands	40	320	30.8	1038.961038961
25635	E01026316	South Kesteven 007D	E07000141	South Kesteven	East Midlands	59	296	28	1057.1428571429
25650	E01026331	South Kesteven 009B	E07000141	South Kesteven	East Midlands	65	277	26	1065.3846153846
25652	E01026333	South Kesteven 001D	E07000141	South Kesteven	East Midlands	36	241	23.3	1034.3347639485
25674	E01026355	South Kesteven 002C	E07000141	South Kesteven	East Midlands	20	182	17.9	1016.7597765363
25680	E01026361	South Kesteven 008D	E07000141	South Kesteven	East Midlands	146	285	24.8	1149.1935483871
25684	E01026365	South Kesteven 002D	E07000141	South Kesteven	East Midlands	13	226	22.3	1013.4529147982
25691	E01026372	West Lindsey 008A	E07000142	West Lindsey	East Midlands	53	191	18.2	1049.4505494506
25706	E01026387	West Lindsey 001C	E07000142	West Lindsey	East Midlands	115	374	33.5	1116.4179104478
25711	E01026392	West Lindsey 003D	E07000142	West Lindsey	East Midlands	208	430	32.9	1306.990881459
25716	E01026397	West Lindsey 009B	E07000142	West Lindsey	East Midlands	17	322	31.7	1015.7728706625
25730	E01026411	West Lindsey 005D	E07000142	West Lindsey	East Midlands	64	376	35.3	1065.1558073654
25745	E01026428	Breckland 003A	E07000143	Breckland	East of England	57	105	9.9	1060.6060606061
25783	E01026468	Breckland 016A	E07000143	Breckland	East of England	33	118	11.4	1035.0877192983
25785	E01026470	Breckland 016C	E07000143	Breckland	East of England	48	51	4.9	1040.8163265306
25855	E01026541	Broadland 009B	E07000144	Broadland	East of England	14	96	9.5	1010.5263157895
25926	E01026612	Great Yarmouth 010C	E07000145	Great Yarmouth	East of England	54	103	9.8	1051.0204081633
25998	E01026686	King's Lynn and West Norfolk 0	E07000146	King's Lynn and West Norfolk	East of England	3	64	6.4	1000
26006	E01026694	King's Lynn and West Norfolk 0	E07000146	King's Lynn and West Norfolk	East of England	66	239	22.4	1066.9642857143
26010	E01026698	King's Lynn and West Norfolk 0	E07000146	King's Lynn and West Norfolk	East of England	17	135	13.3	1015.037593985
26034	E01026722	King's Lynn and West Norfolk 0	E07000146	King's Lynn and West Norfolk	East of England	11	84	8.3	1012.0481927711
26039	E01026727	King's Lynn and West Norfolk 0	E07000146	King's Lynn and West Norfolk	East of England	84	272	25.1	1083.6653386454
26042	E01026730	North Norfolk 008B	E07000147	North Norfolk	East of England	57	217	20.5	1058.5365853659
26045	E01026733	North Norfolk 006C	E07000147	North Norfolk	East of England	22	297	29.1	1020.618556701
26050	E01026738	North Norfolk 007A	E07000147	North Norfolk	East of England	71	251	23.4	1072.6495726496
26052	E01026740	North Norfolk 012A	E07000147	North Norfolk	East of England	74	335	31.2	1073.717948718
26055	E01026743	North Norfolk 004C	E07000147	North Norfolk	East of England	100	135	12.3	1097.5609756098
26074	E01026762	North Norfolk 005A	E07000147	North Norfolk	East of England	42	221	21.2	1042.4528301887
26092	E01026780	North Norfolk 009A	E07000147	North Norfolk	East of England	109	217	19.6	1107.1428571429
26108	E01026797	Norwich 001A	E07000148	Norwich	East of England	60	69	6.5	1061.5384615385
26134	E01026823	Norwich 007B	E07000148	Norwich	East of England	90	151	13.9	1086.3309352518
26158	E01026848	Norwich 015A	E07000148	Norwich	East of England	7	83	8.3	1000
26162	E01026853	Norwich 011B	E07000148	Norwich	East of England	1	100	10	1000
26201	E01026894	South Norfolk 012C	E07000149	South Norfolk	East of England	21	256	25.1	1019.9203187251
26204	E01026897	South Norfolk 011C	E07000149	South Norfolk	East of England	87	241	22.2	1085.5855855856
26239	E01026933	South Norfolk 007C	E07000149	South Norfolk	East of England	100	108	9.8	1102.0408163265
26402	E01027101	Kettering 011C	E07000153	Kettering	East Midlands	32	162	15.7	1031.847133758
26405	E01027104	Kettering 007A	E07000153	Kettering	East Midlands	116	197	17.6	1119.3181818182
26411	E01027110	Kettering 007B	E07000153	Kettering	East Midlands	132	166	14.7	1129.2517006803
26424	E01027124	Kettering 003B	E07000153	Kettering	East Midlands	22	202	19.8	1020.202020202
26426	E01027126	Kettering 003D	E07000153	Kettering	East Midlands	15	175	17.3	1011.5606936416
26431	E01027131	Kettering 009D	E07000153	Kettering	East Midlands	12	131	13	1007.6923076923
26452	E01027153	Northampton 021C	E07000154	Northampton	East Midlands	14	213	21	1014.2857142857
26504	E01027206	Northampton 031D	E07000154	Northampton	East Midlands	52	102	9.7	1051.5463917526
26521	E01027223	Northampton 025A	E07000154	Northampton	East Midlands	128	226	20	1130
26573	E01027276	South Northamptonshire 008A	E07000155	South Northamptonshire	East Midlands	65	142	13.3	1067.6691729323
26611	E01027315	Wellingborough 004C	E07000156	Wellingborough	East Midlands	84	172	15.9	1081.7610062893
26634	E01027338	Wellingborough 001D	E07000156	Wellingborough	East Midlands	13	176	17.4	1011.4942528736
26650	E01027354	Wellingborough 010E	E07000156	Wellingborough	East Midlands	75	172	16	1075
26767	E01027476	Northumberland 035A	E06000048	Northumberland	North East	139	239	20.9	1143.5406698565
26770	E01027479	Northumberland 019A	E06000048	Northumberland	North East	12	419	41.4	1012.077294686
26785	E01027494	Northumberland 035G	E06000048	Northumberland	North East	2	153	15.3	1000
26789	E01027498	Northumberland 038B	E06000048	Northumberland	North East	144	155	13.5	1148.1481481482
26859	E01027570	Craven 001D	E07000163	Craven	Yorkshire and The Humber	120	311	27.7	1122.7436823105
26861	E01027572	Craven 003C	E07000163	Craven	Yorkshire and The Humber	20	241	23.7	1016.8776371308
26870	E01027581	Craven 006C	E07000163	Craven	Yorkshire and The Humber	159	240	20.6	1165.0485436893
26879	E01027590	Hambleton 003A	E07000164	Hambleton	Yorkshire and The Humber	3	212	21.2	1000
26906	E01027618	Hambleton 002B	E07000164	Hambleton	Yorkshire and The Humber	65	294	27.6	1065.2173913044
26909	E01027621	Hambleton 009A	E07000164	Hambleton	Yorkshire and The Humber	21	159	15.6	1019.2307692308
27038	E01027750	Richmondshire 004B	E07000166	Richmondshire	Yorkshire and The Humber	23	101	9.9	1020.202020202
27064	E01027778	Ryedale 007B	E07000167	Ryedale	Yorkshire and The Humber	28	408	39.7	1027.7078085642
27075	E01027789	Ryedale 008E	E07000167	Ryedale	Yorkshire and The Humber	83	171	15.8	1082.2784810127
27122	E01027836	Scarborough 004E	E07000168	Scarborough	Yorkshire and The Humber	40	200	19.2	1041.6666666667
27126	E01027840	Scarborough 002C	E07000168	Scarborough	Yorkshire and The Humber	2	322	32.2	1000
27133	E01027847	Scarborough 006D	E07000168	Scarborough	Yorkshire and The Humber	14	330	32.6	1012.2699386503
27154	E01027868	Scarborough 010E	E07000168	Scarborough	Yorkshire and The Humber	177	280	23.4	1196.5811965812
27184	E01027898	Selby 004A	E07000169	Selby	Yorkshire and The Humber	22	144	14.1	1021.2765957447
27196	E01027910	Selby 005F	E07000169	Selby	Yorkshire and The Humber	123	163	14.5	1124.1379310345
27215	E01027929	Ashfield 013A	E07000170	Ashfield	East Midlands	71	142	13.3	1067.6691729323
27285	E01027999	Bassetlaw 002A	E07000171	Bassetlaw	East Midlands	17	200	19.7	1015.2284263959
27320	E01028034	Bassetlaw 003B	E07000171	Bassetlaw	East Midlands	31	237	23	1030.4347826087
27421	E01028137	Broxtowe 015C	E07000172	Broxtowe	East Midlands	5	44	4.4	1000
27622	E01028345	Newark and Sherwood 008A	E07000175	Newark and Sherwood	East Midlands	18	210	20.6	1019.4174757282
27630	E01028353	Newark and Sherwood 004D	E07000175	Newark and Sherwood	East Midlands	174	232	19.6	1183.6734693878
27696	E01028419	Rushcliffe 010B	E07000176	Rushcliffe	East Midlands	69	183	17.1	1070.1754385965
27807	E01028532	Oxford 013B	E07000178	Oxford	South East	4	115	11.5	1000
27857	E01028584	Oxford 003C	E07000178	Oxford	South East	101	163	14.8	1101.3513513514
27922	E01028652	South Oxfordshire 016C	E07000179	South Oxfordshire	South East	43	113	10.8	1046.2962962963
28071	E01028807	West Oxfordshire 010A	E07000181	West Oxfordshire	South East	5	56	5.6	1000
28204	E01028943	Shropshire 020C	E06000051	Shropshire	West Midlands	54	79	7.5	1053.3333333333
28206	E01028945	Shropshire 017D	E06000051	Shropshire	West Midlands	12	179	17.7	1011.2994350283
28207	E01028946	Shropshire 019A	E06000051	Shropshire	West Midlands	105	368	33.3	1105.1051051051
28220	E01028959	Shropshire 024D	E06000051	Shropshire	West Midlands	71	292	27.3	1069.5970695971
28248	E01028987	Shropshire 019D	E06000051	Shropshire	West Midlands	36	201	19.4	1036.0824742268
28258	E01028997	Shropshire 032B	E06000051	Shropshire	West Midlands	53	248	23.6	1050.8474576271
28259	E01028998	Shropshire 032C	E06000051	Shropshire	West Midlands	81	265	24.5	1081.6326530612
28264	E01029003	Shropshire 037B	E06000051	Shropshire	West Midlands	15	486	47.9	1014.6137787056
28278	E01029019	Mendip 013A	E07000187	Mendip	South West	10	307	30.4	1009.8684210526
28320	E01029063	Mendip 009B	E07000187	Mendip	South West	28	91	8.9	1022.4719101124
28365	E01029110	Sedgemoor 009C	E07000188	Sedgemoor	South West	28	120	11.7	1025.641025641
28367	E01029112	Sedgemoor 009E	E07000188	Sedgemoor	South West	32	165	16	1031.25
28395	E01029140	Sedgemoor 002F	E07000188	Sedgemoor	South West	169	183	15.6	1173.0769230769
28406	E01029153	South Somerset 024A	E07000189	South Somerset	South West	103	409	37.1	1102.4258760108
28424	E01029171	South Somerset 023B	E07000189	South Somerset	South West	24	151	14.8	1020.2702702703
28447	E01029194	South Somerset 019B	E07000189	South Somerset	South West	112	135	12.1	1115.7024793389
28474	E01029221	South Somerset 001C	E07000189	South Somerset	South West	58	453	42.9	1055.9440559441
28483	E01029230	South Somerset 024D	E07000189	South Somerset	South West	20	371	36.4	1019.2307692308
28487	E01029234	South Somerset 015B	E07000189	South Somerset	South West	20	156	15.3	1019.6078431373
28537	E01029285	Taunton Deane 007A	E07000190	Taunton Deane	South West	98	186	16.9	1100.5917159763
28553	E01029301	Taunton Deane 010D	E07000190	Taunton Deane	South West	49	171	16.3	1049.0797546012
28566	E01029314	Taunton Deane 013D	E07000190	Taunton Deane	South West	91	158	14.5	1089.6551724138
28573	E01029321	Taunton Deane 003C	E07000190	Taunton Deane	South West	5	354	35.3	1002.8328611898
28579	E01029328	West Somerset 005B	E07000191	West Somerset	South West	4	287	28.6	1003.4965034965
28581	E01029330	West Somerset 001D	E07000191	West Somerset	South West	22	239	23.4	1021.3675213675
28586	E01029336	West Somerset 002D	E07000191	West Somerset	South West	20	380	37.3	1018.7667560322
28645	E01029397	Cannock Chase 013D	E07000192	Cannock Chase	West Midlands	29	112	10.9	1027.5229357798
28726	E01029479	Lichfield 002C	E07000194	Lichfield	West Midlands	15	92	9.1	1010.989010989
28764	E01029518	Lichfield 007D	E07000194	Lichfield	West Midlands	91	124	11.4	1087.7192982456
28801	E01029556	Newcastle-under-Lyme 005E	E07000195	Newcastle-under-Lyme	West Midlands	85	199	18.3	1087.4316939891
28815	E01029570	Newcastle-under-Lyme 016B	E07000195	Newcastle-under-Lyme	West Midlands	14	290	28.6	1013.986013986
28945	E01029701	Stafford 010E	E07000197	Stafford	West Midlands	109	275	24.8	1108.8709677419
29079	E01029835	Tamworth 002A	E07000199	Tamworth	West Midlands	31	144	14	1028.5714285714
29136	E01029893	Babergh 004B	E07000200	Babergh	East of England	5	116	11.6	1000
29144	E01029901	Babergh 003B	E07000200	Babergh	East of England	15	149	14.7	1013.6054421769
29169	E01029927	Forest Heath 001B	E07000201	Forest Heath	East of England	6	86	8.6	1000
29171	E01029929	Forest Heath 001D	E07000201	Forest Heath	East of England	8	87	8.6	1011.6279069768
29182	E01029947	Forest Heath 004E	E07000201	Forest Heath	East of England	57	86	8.1	1061.7283950617
29217	E01029985	Ipswich 010B	E07000202	Ipswich	East of England	66	158	14.8	1067.5675675676
29254	E01030024	Ipswich 006C	E07000202	Ipswich	East of England	49	179	17.1	1046.783625731
29278	E01030048	Mid Suffolk 007A	E07000203	Mid Suffolk	East of England	17	227	22.3	1017.937219731
29311	E01030082	Mid Suffolk 003B	E07000203	Mid Suffolk	East of England	124	301	26.8	1123.1343283582
29334	E01030106	St Edmundsbury 014B	E07000204	St Edmundsbury	East of England	10	58	5.7	1017.5438596491
29378	E01030152	Suffolk Coastal 004A	E07000205	Suffolk Coastal	East of England	30	190	18.5	1027.027027027
29401	E01030179	Suffolk Coastal 009A	E07000205	Suffolk Coastal	East of England	4	50	5	1000
29431	E01030211	Suffolk Coastal 008D	E07000205	Suffolk Coastal	East of England	93	176	16.1	1093.1677018634
29578	E01030359	Elmbridge 007C	E07000207	Elmbridge	South East	53	89	8.5	1047.0588235294
29619	E01030401	Epsom and Ewell 005C	E07000208	Epsom and Ewell	South East	16	83	8.2	1012.1951219512
29629	E01030411	Epsom and Ewell 008B	E07000208	Epsom and Ewell	South East	77	91	8.4	1083.3333333333
29742	E01030524	Mole Valley 008A	E07000210	Mole Valley	South East	14	100	9.9	1010.101010101
29787	E01030569	Reigate and Banstead 004E	E07000211	Reigate and Banstead	South East	26	91	8.9	1022.4719101124
30067	E01030850	Tandridge 004D	E07000215	Tandridge	South East	32	59	5.7	1035.0877192983
30207	E01030991	Woking 008D	E07000217	Woking	South East	32	42	4.1	1024.3902439024
30379	E01031168	Rugby 006B	E07000220	Rugby	West Midlands	130	182	16.1	1130.4347826087
30423	E01031212	Stratford-on-Avon 014B	E07000221	Stratford-on-Avon	West Midlands	85	244	22.5	1084.4444444445
30441	E01031231	Stratford-on-Avon 009D	E07000221	Stratford-on-Avon	West Midlands	3	129	12.9	1000
30478	E01031268	Warwick 014D	E07000222	Warwick	West Midlands	61	115	10.8	1064.8148148148
30494	E01031285	Warwick 007C	E07000222	Warwick	West Midlands	21	130	12.7	1023.6220472441
30564	E01031356	Adur 005A	E07000223	Adur	South East	36	71	6.9	1028.9855072464
30565	E01031357	Adur 005B	E07000223	Adur	South East	36	66	6.4	1031.25
30596	E01031388	Arun 005A	E07000224	Arun	South East	65	90	8.5	1058.8235294118
30685	E01031477	Chichester 006A	E07000225	Chichester	South East	2	191	19.1	1000
30691	E01031483	Chichester 008B	E07000225	Chichester	South East	6	67	6.7	1000
30717	E01031509	Chichester 006D	E07000225	Chichester	South East	4	123	12.3	1000
30881	E01031676	Horsham 001D	E07000227	Horsham	South East	53	214	20.3	1054.1871921182
30991	E01031787	Worthing 011A	E07000229	Worthing	South East	86	133	12.2	1090.1639344262
30992	E01031788	Worthing 011B	E07000229	Worthing	South East	12	123	12.2	1008.1967213115
30993	E01031789	Worthing 011C	E07000229	Worthing	South East	26	123	12	1025
30995	E01031791	Worthing 008A	E07000229	Worthing	South East	3	132	13.2	1000
31058	E01031854	Wiltshire 026B	E06000054	Wiltshire	South West	53	131	12.5	1048
31065	E01031861	Wiltshire 019A	E06000054	Wiltshire	South West	53	133	12.6	1055.5555555556
31101	E01031900	Wiltshire 016A	E06000054	Wiltshire	South West	75	86	8	1075
31104	E01031903	Wiltshire 016D	E06000054	Wiltshire	South West	28	93	9.1	1021.978021978
31151	E01031952	Wiltshire 018F	E06000054	Wiltshire	South West	125	136	12.1	1123.9669421488
31202	E01032004	Wiltshire 054B	E06000054	Wiltshire	South West	36	255	24.6	1036.5853658537
31209	E01032011	Wiltshire 057B	E06000054	Wiltshire	South West	55	132	12.5	1056
31281	E01032084	Wiltshire 037C	E06000054	Wiltshire	South West	120	222	19.8	1121.2121212121
31291	E01032094	Wiltshire 035C	E06000054	Wiltshire	South West	42	130	12.5	1040
31314	E01032117	Wiltshire 040C	E06000054	Wiltshire	South West	47	103	9.8	1051.0204081633
31326	E01032130	Bromsgrove 013A	E07000234	Bromsgrove	West Midlands	122	161	14.3	1125.8741258741
31353	E01032157	Bromsgrove 011B	E07000234	Bromsgrove	West Midlands	13	108	10.7	1009.3457943925
31485	E01032295	Worcester 013C	E07000237	Worcester	West Midlands	133	230	20.3	1133.0049261084
31533	E01032343	Wychavon 014A	E07000238	Wychavon	West Midlands	112	190	17.1	1111.1111111111
31549	E01032359	Wychavon 003A	E07000238	Wychavon	West Midlands	15	132	13	1015.3846153846
31640	E01032450	Wyre Forest 004D	E07000239	Wyre Forest	West Midlands	78	171	15.9	1075.4716981132
31682	E01032492	Leeds 102I	E08000035	Leeds	Yorkshire and The Humber	22	194	19	1021.052631579
31710	E01032520	Nottingham 028E	E06000018	Nottingham	East Midlands	76	226	21	1076.1904761905
31711	E01032522	Nottingham 028F	E06000018	Nottingham	East Midlands	19	266	26.1	1019.1570881226
31720	E01032531	Coventry 036E	E08000026	Coventry	West Midlands	123	184	16.4	1121.9512195122
31737	E01032550	Barnsley 010G	E08000016	Barnsley	Yorkshire and The Humber	182	190	15.8	1202.5316455696
31738	E01032551	Barnsley 010H	E08000016	Barnsley	Yorkshire and The Humber	110	167	15	1113.3333333333
31828	E01032642	West Dorset 001H	E07000052	West Dorset	South West	54	128	12.2	1049.1803278689
31869	E01032683	West Lindsey 001G	E07000142	West Lindsey	East Midlands	21	182	17.8	1022.4719101124
31885	E01032699	Wiltshire 007I	E06000054	Wiltshire	South West	29	107	10.4	1028.8461538462
31999	E01032830	Tonbridge and Malling 002G	E07000115	Tonbridge and Malling	South East	10	68	6.7	1014.9253731343
32067	E01032903	Wirral 010F	E08000015	Wirral	North West	68	242	22.7	1066.0792951542
32081	E01032922	Oldham 020E	E08000004	Oldham	North West	60	123	11.6	1060.3448275862
32082	E01032923	Calderdale 008F	E08000033	Calderdale	Yorkshire and The Humber	147	240	20.9	1148.3253588517
32089	E01032930	Cheshire West and Chester 033E	E06000050	Cheshire West and Chester	North West	109	154	13.9	1107.9136690648
32113	E01032954	West Oxfordshire 004G	E07000181	West Oxfordshire	South East	129	144	12.7	1133.8582677165
32161	E01033003	Leeds 055G	E08000035	Leeds	Yorkshire and The Humber	129	275	24.3	1131.6872427984
32163	E01033006	Leeds 063E	E08000035	Leeds	Yorkshire and The Humber	44	416	39.9	1042.6065162907
32202	E01033051	Tendring 002F	E07000076	Tendring	East of England	84	127	11.7	1085.4700854701
32223	E01033072	Lancaster 016I	E07000121	Lancaster	North West	59	167	15.8	1056.9620253165
32231	E01033080	Bath and North East Somerset 0	E06000022	Bath and North East Somerset	South West	195	268	21.9	1223.7442922375
32292	E01033143	Chelmsford 018E	E07000070	Chelmsford	East of England	162	182	15.6	1166.6666666667
32342	E01033203	County Durham 053E	E06000047	County Durham	North East	198	243	19.8	1227.2727272727
32354	E01033216	Stoke-on-Trent 016G	E06000021	Stoke-on-Trent	West Midlands	153	213	18.4	1157.6086956522
32367	E01033233	Exeter 001F	E07000041	Exeter	South West	10	183	18.1	1011.0497237569
32372	E01033239	Isle of Wight 012H	E06000046	Isle of Wight	South East	133	143	12.6	1134.9206349206
32389	E01033257	Newcastle-under-Lyme 015H	E07000195	Newcastle-under-Lyme	West Midlands	87	96	8.8	1090.9090909091
32400	E01033268	Sheffield 075G	E08000019	Sheffield	Yorkshire and The Humber	74	188	17.5	1074.2857142857
32411	E01033279	Sheffield 076F	E08000019	Sheffield	Yorkshire and The Humber	39	149	14.4	1034.7222222222
32413	E01033281	Rossendale 004G	E07000125	Rossendale	North West	101	203	18.4	1103.2608695652
32419	E01033289	Cornwall 007E	E06000052	Cornwall	South West	36	342	33	1036.3636363636
32422	E01033294	Cornwall 034E	E06000052	Cornwall	South West	50	63	6	1050
32500	E01033404	Nottingham 028G	E06000018	Nottingham	East Midlands	205	467	37.3	1252.0107238606
32504	E01033408	Nottingham 031H	E06000018	Nottingham	East Midlands	37	374	36.1	1036.0110803324
32508	E01033412	Broxtowe 016F	E07000172	Broxtowe	East Midlands	30	138	13.4	1029.8507462687
32544	E01033450	Suffolk Coastal 013G	E07000205	Suffolk Coastal	East of England	106	122	11	1109.0909090909
32562	E01033468	Middlesbrough 001G	E06000002	Middlesbrough	North East	202	281	22.8	1232.4561403509
32566	E01033472	Redcar and Cleveland 019G	E06000003	Redcar and Cleveland	North East	43	136	13.1	1038.1679389313
32571	E01033477	Stockton-on-Tees 014G	E06000004	Stockton-on-Tees	North East	111	363	32.7	1110.0917431193
32613	E01033528	Shropshire 006H	E06000051	Shropshire	West Midlands	27	59	5.8	1017.2413793104
32627	E01033542	Kirklees 017E	E08000034	Kirklees	Yorkshire and The Humber	17	226	22.2	1018.018018018
32640	E01033562	Birmingham 087F	E08000025	Birmingham	West Midlands	24	216	21.1	1023.6966824645
32701	E01033625	Birmingham 138D	E08000025	Birmingham	West Midlands	47	97	9.3	1043.0107526882
32705	E01033629	Birmingham 106F	E08000025	Birmingham	West Midlands	45	168	16.1	1043.4782608696
32729	E01033653	Manchester 055B	E08000003	Manchester	North West	24	70	6.8	1029.4117647059
32742	E01033666	Manchester 017F	E08000003	Manchester	North West	89	181	16.6	1090.3614457831
32792	E01033716	Northumberland 013F	E06000048	Northumberland	North East	32	163	15.8	1031.6455696203
32825	E01033749	Liverpool 042F	E08000012	Liverpool	North West	37	449	43.3	1036.9515011547
32840	E01033764	Liverpool 022E	E08000012	Liverpool	North West	154	207	17.9	1156.4245810056
